Nr Lochy;Rasa;Aktualny miot;Aktualna liczba potomstwa lochy oceniona przyżyciowo;Aktualny Blup ZWH;Miot dla max ZWH;Liczba potomstwa lochy ocenianych przyżyciowo dla MAX ZWH;Max ZWH;Blup przyr. dz. dla max liczby potom.;Blup % mięsa dla max liczby potom.;Blup dla liczby prosiąt urodzonych;Blup dla liczby prosiąt odchowanych;Max liczba potomstwa;ZWH dla max liczby potom.
06478066820;10;5;4;8.2814;5;4;8.3422;-0.32;1.2;-3.06;-2.91;4;8.3422
26034004719;10;7;6;8.2268;1;4;9.9856;0.37;-0.41;-2.5;-2.22;6;8.6408
06296004720;10;5;3;8.7262;4;2;9.0228;-0.41;-1.67;-1.24;-1.63;3;8.7266
26034014221;10;2;4;8.2042;1;4;8.7532;-0.49;0.63;-2.05;-2.05;4;8.7532
32246119718;10;7;1;8.53;1;3;9.784;0.19;-0.61;-1.94;-1.97;7;8.7714
26552009021;10;3;5;8.8506;3;5;8.8506;0.12;0.02;-1.99;-1.96;5;8.8506
26034014021;10;2;5;8.3942;1;5;8.8714;-0.44;0.72;-2.03;-1.84;5;8.8714
26034014521;10;2;2;8.4256;1;2;8.9024;-0.22;1.6;-2.14;-2.18;2;8.9024
28590010620;10;6;1;8.9496;6;1;8.969;-0.9;0.16;-1.59;-1.32;1;8.969
26552034618;10;8;7;9.5392;8;7;9.5392;-0.72;0.83;-1.27;-1.77;14;8.988
26229002919;10;6;4;8.98;6;4;9.0104;-0.54;0.1;-0.9;-1.7;4;9.0104
06349025420;10;5;6;9.0516;4;6;9.067;0.56;-1.29;-1.12;-1.57;6;9.067
26552010020;10;4;5;9.1088;3;6;9.3062;-0.48;0.34;-1.25;-1.49;7;9.0884
28590050419;10;6;2;9.1374;6;1;9.3196;-0.06;0.85;-1.86;-1.52;2;9.1484
26229001820;10;4;4;9.0926;3;3;9.5662;-0.13;0.0;-1.12;-1.33;4;9.2086
22063044620;10;4;8;9.1122;2;5;9.682;0.09;-1.22;-0.61;-1.19;15;9.2168
22063035519;10;6;6;9.5376;4;7;9.7316;0.21;-1.49;-0.51;-1.09;14;9.2624
26229002719;10;6;4;9.2072;2;2;9.3584;-0.53;0.43;-0.81;-1.25;4;9.2708
22063046020;10;4;8;9.2186;2;6;9.3554;0.03;-0.38;-0.76;-1.27;13;9.2762
06501139420;10;3;6;9.3036;2;6;9.3318;-0.1;-0.91;-0.53;-0.96;6;9.3318
26034000918;10;9;6;8.9782;2;3;10.4482;0.18;0.49;-2.17;-0.94;11;9.3362
06296031820;10;4;5;9.0018;2;5;10.0644;-0.05;0.57;-0.45;-1.56;10;9.343
06349025220;10;5;5;9.3418;5;5;9.3536;0.38;-1.01;-1.1;-0.9;5;9.3536
06349025720;10;5;3;9.3342;5;3;9.3594;-0.85;2.24;-1.36;-1.31;3;9.3594
22749002420;10;6;12;9.2334;6;12;9.373;0.31;0.42;-1.89;-1.02;12;9.373
06072072920;10;4;1;9.3714;4;1;9.3916;-0.16;-0.3;-1.5;-0.6;1;9.3916
26307001520;10;6;3;9.3948;5;3;9.4042;-0.51;-0.24;-0.76;-0.71;3;9.4042
06072004919;10;7;1;9.4168;7;1;9.4168;-0.88;-0.96;-0.91;-0.13;1;9.4168
32246051421;10;2;2;9.4246;2;2;9.4324;-0.36;1.08;-1.02;-1.12;2;9.4324
26229002419;10;6;5;9.4352;6;5;9.4646;-0.01;-0.21;-0.48;-1.02;7;9.4492
26229002319;10;6;3;8.9612;2;1;9.7926;0.11;0.32;-0.64;-1.21;5;9.4542
26229002819;10;6;4;9.4236;6;4;9.461;-0.29;1.03;-0.91;-1.12;4;9.461
06296029621;10;2;2;9.3402;1;2;9.462;0.7;-1.36;-0.73;-0.85;2;9.462
26229001720;10;4;3;9.1588;2;5;9.4658;0.09;-0.08;-0.8;-0.95;5;9.4658
22063044820;10;4;6;9.3016;3;6;9.6052;-0.04;-0.22;-0.47;-0.92;13;9.4842
26552018018;10;8;9;9.444;8;9;9.4902;0.02;-0.61;-0.66;-0.71;9;9.4902
26229002420;10;4;3;9.4462;2;4;9.5252;-0.39;0.25;-0.38;-0.84;4;9.5252
22063047218;10;6;6;9.3288;1;6;9.9124;0.18;-0.53;-0.16;-0.95;11;9.5306
22063086017;10;9;12;9.3716;7;8;9.646;-0.72;0.91;-0.34;-0.9;16;9.5336
28590010520;10;6;2;9.5388;5;2;9.5858;0.25;-0.47;-0.91;-0.56;2;9.5858
18053000922;10;2;1;9.5022;2;1;9.5962;-0.38;-0.12;-0.93;-0.3;1;9.5962
26229002619;10;6;5;9.5608;6;5;9.5984;-0.35;0.7;-0.1;-0.98;5;9.5984
26617107821;10;2;3;9.5762;2;3;9.6086;0.31;-0.17;-0.57;-0.8;3;9.6086
26552005921;10;2;4;9.216;2;4;9.6218;0.13;0.1;-0.87;-0.64;4;9.6218
18053011820;10;5;1;9.2304;3;3;9.626;-0.42;0.64;-0.57;-0.65;3;9.626
26617139620;10;4;2;9.3962;2;2;9.9864;-1.38;0.46;-0.18;-0.2;6;9.626
06072044918;10;9;5;9.634;4;2;9.8404;-0.81;0.89;-1.01;-0.27;5;9.6528
26552016320;10;4;9;9.5692;4;9;9.6552;0.06;0.44;-0.8;-0.68;9;9.6552
26034004619;10;7;4;7.8868;2;5;9.6566;-0.23;0.49;-0.87;-0.5;5;9.6566
06501052520;10;4;4;9.6778;4;4;9.6778;0.55;0.09;-0.13;-1.06;4;9.6778
06072066519;10;7;1;9.6932;7;1;9.708;0.2;0.62;-1.32;-0.48;1;9.708
02510003421;10;2;1;9.4486;1;1;9.7778;0.25;0.13;-0.82;-0.37;1;9.7778
26263006521;10;2;4;9.7812;2;4;9.7812;0.15;-0.37;-0.62;-0.2;4;9.7812
26552006421;10;2;7;9.8196;2;3;10.2796;-0.6;0.85;-0.16;-0.32;7;9.8288
26617124321;10;2;4;9.725;2;4;9.8338;0.43;0.24;-0.38;-0.57;4;9.8338
26552018421;10;2;4;9.8438;2;4;9.8438;0.1;1.12;-0.62;-0.59;4;9.8438
26307001220;10;6;6;9.8336;6;6;9.8566;0.53;0.33;-1.05;-0.32;6;9.8566
06072104218;10;8;1;9.8566;8;1;9.8802;0.72;0.29;-1.16;-0.31;1;9.8802
06501068720;10;4;2;9.969;4;1;10.1538;0.66;0.04;-0.31;-0.47;4;9.9116
26263000720;10;5;1;9.6274;3;3;9.9546;0.17;1.67;-0.89;-0.46;3;9.9546
02510003121;10;2;3;9.8936;2;3;9.9746;0.16;0.64;-0.76;-0.07;3;9.9746
02510003721;10;2;1;9.888;2;1;9.9888;0.18;0.53;-0.61;-0.07;1;9.9888
26617005619;10;7;5;9.9292;3;3;10.7716;0.64;-0.09;-0.22;-0.25;7;9.9946
08024024519;20;6;2;6.5168;1;3;8.6898;-0.09;0.4;-3.06;-3.41;4;8.0594
08024020120;20;4;6;8.528;1;2;9.3094;-0.11;-1.78;-1.23;-2.84;10;8.2746
12615020819;20;7;5;9.0378;1;4;9.1404;0.52;-1.52;-1.78;-2.81;8;8.381
02442033420;20;4;7;8.4104;1;3;9.2198;0.37;-1.22;-2.53;-2.44;7;8.4134
12615013821;20;3;4;8.431;3;4;8.4744;-0.05;0.29;-1.62;-3.02;4;8.4744
02442046918;20;7;1;8.5516;4;1;8.9962;0.95;0.13;-3.26;-2.65;5;8.549
24041039420;20;3;1;8.1298;2;1;8.5596;-0.14;-0.85;-2.37;-2.01;1;8.5596
02442030720;20;4;5;8.7928;3;2;8.8446;0.37;-0.76;-1.22;-2.81;7;8.5674
12615013621;20;2;10;8.7108;2;4;8.8544;-0.11;-0.44;-1.09;-2.54;14;8.6402
24041039820;20;2;7;9.0438;2;7;9.0916;0.06;-2.63;-1.95;-1.41;9;8.6504
26086025420;20;5;2;8.6776;5;2;8.6776;-0.06;-0.78;-1.3;-2.26;2;8.6776
10194029419;20;3;3;8.3146;2;3;8.6986;0.03;-1.77;-1.73;-1.7;3;8.6986
06386029318;20;8;1;8.6986;8;1;8.7082;-0.33;-0.39;-2.05;-1.86;1;8.7082
08024024719;20;5;4;8.0018;1;3;9.0332;0.07;-0.26;-2.04;-2.1;4;8.726
24041003419;20;7;1;9.0204;3;1;9.4542;-0.07;-0.28;-2.27;-1.91;5;8.7276
24041015319;20;7;4;8.561;3;1;9.3134;-0.02;0.33;-2.68;-1.95;8;8.7466
12742004220;20;4;4;8.9512;4;4;9.157;-0.52;-0.4;-1.7;-1.64;5;8.8164
24041028520;20;4;3;8.7796;3;4;9.0804;-0.14;-3.11;-1.75;-0.74;7;8.843
10195003921;20;4;1;8.9694;4;1;8.9822;-0.11;-0.16;-1.85;-1.74;2;8.8842
12615017021;20;3;3;9.1082;1;6;9.1506;1.04;-1.12;-1.53;-1.99;9;8.9592
02442045121;20;2;1;8.5552;1;1;8.9626;0.07;-0.15;-2.27;-1.48;1;8.9626
20250006821;20;3;3;8.9694;3;3;8.9698;-0.11;-0.72;-1.6;-1.43;3;8.9698
26086021720;20;4;3;8.9746;4;3;8.9746;-0.46;0.12;-0.85;-1.86;3;8.9746
06386127517;20;8;2;9.1678;8;2;9.1734;0.03;-0.21;-2.01;-1.48;4;8.9902
02442030019;20;7;1;9.1658;2;1;9.6836;-0.23;-0.36;-2.05;-1.25;10;8.9932
06118076420;20;5;3;8.839;4;1;9.299;-0.42;-0.27;-0.93;-1.55;4;9.0376
06069030118;20;8;1;8.8156;6;5;9.0456;1.14;-0.49;-1.72;-2.0;5;9.0456
06031088017;20;10;5;8.8322;2;1;10.1422;1.01;-2.1;-0.88;-1.64;5;9.0592
06075060420;20;4;2;8.6234;1;1;10.0144;-1.01;0.06;-0.77;-1.34;3;9.0658
26093023720;20;5;4;8.9172;2;2;9.0802;-0.14;0.28;-1.56;-1.57;5;9.071
24041010018;20;9;2;8.8342;3;2;10.0398;0.04;-0.92;-2.07;-0.99;5;9.074
06069101319;20;4;6;9.1516;1;1;9.6716;-0.07;0.25;-1.92;-1.4;8;9.0896
02442051019;20;6;6;9.0972;2;4;9.546;-0.91;-0.66;-1.73;-0.63;11;9.1
24041015019;20;7;2;8.8294;6;2;9.2922;-0.27;0.67;-2.06;-1.3;5;9.1256
06386177917;20;8;5;9.1336;8;5;9.1352;0.08;0.07;-1.59;-1.45;5;9.1352
06031001621;20;3;3;8.97;1;1;9.3456;-0.1;-1.0;-0.67;-1.33;4;9.1368
24041027620;20;4;1;8.9792;2;2;9.164;-0.44;0.63;-1.67;-1.32;3;9.1402
06069076320;20;4;4;9.0656;1;2;9.7068;-0.76;0.2;-1.3;-1.13;7;9.141
26086081619;20;7;5;9.0232;2;3;9.3684;0.36;0.21;-1.05;-1.88;7;9.1414
10195011321;20;2;2;9.1218;2;2;9.1488;-1.22;1.37;-1.45;-1.23;2;9.1488
06031023020;20;6;2;9.1578;6;2;9.1578;-0.1;-0.4;-0.69;-1.5;2;9.1578
02442043518;20;8;6;9.3908;2;1;9.768;0.32;-0.38;-0.95;-1.63;10;9.1604
06118007021;20;4;1;8.9682;2;1;9.5176;-0.62;-0.75;-0.66;-1.06;2;9.1672
06031075919;20;6;5;9.179;3;4;9.6264;-0.5;-0.95;-0.74;-0.99;5;9.179
26086066419;20;6;2;9.1274;3;1;9.855;0.48;-0.04;-1.32;-1.62;2;9.1908
12615048520;20;3;6;9.074;2;5;9.2566;-0.47;0.74;-0.24;-1.83;11;9.1938
10194023419;20;6;3;9.3962;3;4;9.8724;0.3;-0.22;-2.21;-1.03;5;9.2064
02442024620;20;4;9;9.1048;1;11;9.5944;0.26;0.65;-2.69;-1.13;14;9.2076
06118117518;20;9;1;9.4172;4;1;9.6316;-0.08;-0.37;-1.18;-1.17;2;9.2178
02509056721;20;2;2;9.2186;2;2;9.2186;0.96;-0.2;-1.92;-1.51;2;9.2186
02509056621;20;2;3;9.2198;2;3;9.2198;0.21;0.22;-1.66;-1.35;3;9.2198
26615029319;20;7;7;9.1706;2;3;9.9236;0.14;-0.97;-1.04;-1.11;10;9.225
08024009619;20;8;4;8.9402;3;1;10.2226;-0.02;-0.36;-1.41;-1.04;4;9.247
06075034919;20;7;5;9.3002;7;5;9.343;1.28;-0.41;-1.44;-1.75;7;9.2474
26093021519;20;7;3;9.2508;7;3;9.2516;-0.01;0.04;-0.33;-1.65;3;9.2516
28389027919;20;6;1;8.671;2;4;9.6132;-0.86;0.69;-1.58;-0.87;5;9.2542
06069029817;20;10;1;9.2798;1;2;10.0796;-0.1;-0.24;-1.45;-1.0;5;9.2566
02442047820;20;4;4;9.0306;1;1;9.755;-0.02;0.6;-2.48;-0.92;11;9.2584
26615004521;20;2;3;9.1896;1;1;9.7506;-0.43;1.46;-0.91;-1.68;7;9.261
02442053019;20;5;9;9.229;4;7;9.3754;0.02;-0.46;-2.27;-0.61;16;9.2664
02442049720;20;4;11;8.794;3;6;9.587;-0.36;1.26;-2.28;-1.03;17;9.2722
06031081819;20;6;2;9.7388;6;2;9.7388;-0.06;-0.28;-0.75;-1.27;4;9.2724
06075015119;20;8;4;9.3054;6;2;9.4386;-0.41;-0.16;-1.3;-0.85;5;9.285
08024020820;20;5;3;9.2032;3;4;10.1104;0.08;0.63;-1.23;-1.45;7;9.2896
08024037518;20;9;4;9.0914;5;3;9.696;-0.01;0.02;-1.35;-1.1;4;9.2958
26093024120;20;5;3;9.2328;3;1;9.4148;0.03;0.3;-1.21;-1.28;6;9.2998
06031043020;20;5;3;9.305;5;3;9.3074;-0.15;-1.04;-0.53;-0.94;3;9.3074
24199010121;20;2;4;9.2286;1;4;9.3124;0.78;-1.59;-1.79;-0.71;4;9.3124
06031022820;20;5;3;8.5872;1;4;9.3132;-0.44;-0.61;-0.47;-0.95;4;9.3132
10195010921;20;2;1;9.302;2;1;9.3198;-0.13;0.62;-1.31;-1.22;1;9.3198
26086021020;20;4;6;9.098;2;5;9.4192;-0.01;0.33;-0.95;-1.33;6;9.3208
06386132017;20;9;1;9.3144;9;1;9.3236;-0.11;-0.44;-1.4;-0.78;1;9.3236
06118103019;20;6;2;9.6166;6;2;9.694;-0.51;0.85;-0.61;-1.37;3;9.3284
16001003119;20;7;3;9.2084;4;2;9.764;0.02;-1.04;-0.54;-0.97;3;9.3338
26086024220;20;6;3;9.3382;2;1;9.6626;0.05;0.24;-1.11;-1.22;3;9.3382
24199007321;20;2;4;9.0852;1;4;9.3554;-0.1;-1.37;-1.25;-0.42;4;9.3554
08024009419;20;7;3;9.192;2;2;9.518;0.11;1.73;-1.29;-1.69;3;9.3612
06118012921;20;2;1;9.2758;2;1;9.3754;-0.25;0.06;-0.74;-1.05;1;9.3754
26614048919;20;7;8;9.53;6;9;9.6652;0.48;-0.51;-0.9;-1.16;17;9.3844
02442054119;20;6;6;8.9618;3;10;9.7488;0.0;0.34;-2.52;-0.5;16;9.3908
06075022719;20;6;1;9.7592;5;1;9.931;-0.19;0.16;-1.3;-0.84;5;9.3932
06031004421;20;3;10;9.346;3;9;9.4966;-0.35;0.16;-0.72;-0.97;13;9.4046
26086118519;20;6;5;9.3856;5;5;9.4046;-1.06;0.52;-0.21;-0.92;5;9.4046
24199006921;20;2;2;9.389;2;2;9.409;-0.49;1.32;-1.82;-0.85;2;9.409
24041015619;20;4;3;9.3726;3;2;9.4962;-0.87;0.65;-1.34;-0.58;5;9.4104
06031054020;20;4;6;9.4744;3;2;9.656;-0.06;-1.21;-0.5;-0.69;8;9.4122
26086097721;20;2;3;9.3614;1;3;9.4164;-0.4;-0.61;-0.51;-0.71;3;9.4164
26093021019;20;6;3;9.5768;6;3;9.5816;0.12;0.06;-0.55;-1.21;4;9.4312
02509056521;20;2;4;9.4354;2;4;9.4354;0.93;0.24;-1.79;-1.2;4;9.4354
26086098320;20;3;5;9.4376;3;5;9.4388;-0.81;-0.44;-0.41;-0.53;5;9.4388
24041021920;20;4;12;9.4442;4;9;9.6848;0.66;1.15;-1.77;-1.38;12;9.4442
24041015119;20;7;1;8.9472;6;6;9.5584;0.96;1.62;-2.36;-1.46;8;9.4516
06031076519;20;6;4;8.6606;2;2;9.6926;-0.18;-0.19;-0.69;-0.83;4;9.4536
06011054321;20;2;3;9.2794;2;3;9.4574;-0.57;-0.26;-0.46;-0.67;3;9.4574
06031059921;20;2;2;9.455;2;2;9.4682;0.1;-0.23;-0.62;-0.97;2;9.4682
08144075119;20;6;6;9.3676;2;3;9.5126;0.32;-0.29;-1.0;-0.9;6;9.4724
26075019319;20;6;3;9.4732;6;3;9.4732;0.06;0.39;-0.46;-1.24;3;9.4732
26075019019;20;6;10;9.4792;6;6;9.5248;0.53;-0.81;-0.57;-0.99;10;9.4792
26615052121;20;2;6;9.339;2;6;9.4834;0.07;-0.33;-0.85;-0.78;6;9.4834
10194026519;20;5;5;9.4096;3;2;9.924;-0.48;1.16;-2.02;-0.51;5;9.4926
10195031821;20;2;1;9.4864;2;1;9.5042;-1.32;0.31;-0.43;-0.36;1;9.5042
06311022119;20;5;2;9.5156;3;1;9.9046;-0.09;-0.03;-0.93;-0.65;2;9.5332
06031006419;20;8;4;9.9476;8;4;9.9618;-0.96;0.23;-0.14;-0.57;11;9.5418
10195038921;20;2;3;9.5262;2;3;9.5442;-0.19;-1.24;-0.64;-0.23;3;9.5442
20250001621;20;3;2;9.5538;3;2;9.556;0.22;0.72;-0.6;-1.2;2;9.556
02442030820;20;5;10;9.9034;5;15;9.9282;0.37;1.34;-1.13;-1.29;17;9.558
08144075419;20;6;4;9.294;2;3;9.784;0.22;-1.02;-1.03;-0.33;8;9.5656
26075018819;20;6;10;9.5758;5;5;9.6002;0.44;-0.66;-0.35;-0.86;10;9.5758
06031076019;20;7;2;9.3084;4;6;9.5806;0.0;0.06;-0.33;-0.88;6;9.5806
08024019920;20;4;5;9.465;3;6;10.298;0.32;-0.47;-0.51;-0.75;11;9.5948
06031058419;20;5;2;8.9616;2;3;9.792;-0.97;0.45;-0.49;-0.37;4;9.5956
26614049019;20;6;6;9.6466;6;6;9.7814;-0.05;0.78;-0.81;-0.88;15;9.5974
08024020520;20;4;11;9.6062;2;5;9.6688;-1.02;1.51;-0.56;-0.69;11;9.6062
02509037820;20;5;3;9.6154;4;1;9.6928;0.51;-0.86;-0.55;-0.63;3;9.6212
10195028720;20;5;1;9.5478;4;2;9.824;-0.06;-0.32;-0.41;-0.55;3;9.6296
26086002120;20;6;2;9.6958;5;2;9.7072;0.23;0.39;-0.55;-0.91;3;9.6364
26573127618;20;7;5;9.6332;7;5;9.6408;0.16;-0.43;-0.45;-0.59;5;9.6408
06075016719;20;7;2;9.3038;2;1;9.8666;-0.23;0.34;-0.68;-0.56;5;9.6416
06224088521;20;2;1;9.6382;2;1;9.6448;0.32;0.09;-0.45;-0.87;1;9.6448
10195031420;20;4;3;9.8614;4;3;9.8614;-0.49;-0.4;-0.75;-0.09;4;9.6456
10195002921;20;4;1;9.298;3;1;9.9916;0.55;-0.73;-0.95;-0.46;2;9.651
24321019120;20;5;17;9.6524;4;11;9.7002;-0.02;-0.23;-0.72;-0.42;17;9.6524
06118134820;20;3;2;9.5184;3;3;9.7374;0.32;0.73;-0.81;-0.93;4;9.6572
20257018219;20;5;4;9.5826;1;2;10.5006;0.42;-1.37;-0.51;-0.31;4;9.6596
02509053121;20;2;3;9.657;2;3;9.661;1.06;-0.42;-1.08;-0.79;3;9.661
26615015620;20;3;3;9.7164;1;3;9.9258;-0.04;0.29;-1.09;-0.42;9;9.6642
06118029919;20;7;1;9.4708;2;1;9.667;0.2;0.33;-0.52;-0.81;1;9.667
06118119917;20;11;3;9.6038;5;1;9.8974;-0.14;-0.13;-0.61;-0.4;3;9.6678
06031053720;20;4;1;9.2596;3;3;9.674;0.95;-0.53;-0.46;-0.92;3;9.674
06075023620;20;5;2;9.4842;4;4;9.6744;-0.01;0.02;-0.53;-0.55;4;9.6744
24041000922;20;2;5;9.341;1;5;9.6782;0.29;1.48;-1.25;-0.96;5;9.6782
26075003018;20;9;9;9.6334;8;9;9.6998;-0.49;0.85;-0.37;-0.6;9;9.6998
24041032418;20;8;7;9.7018;8;3;9.7832;0.35;0.45;-1.24;-0.55;7;9.7018
10195003121;20;4;3;9.7216;4;3;9.7216;0.26;-0.18;-0.83;-0.43;5;9.7036
24321036021;20;2;10;9.7218;2;10;9.7218;0.29;-0.28;-0.82;-0.37;10;9.7218
06069045918;20;10;3;9.4098;3;1;10.0248;-0.17;0.76;-1.05;-0.4;6;9.7238
06031018619;20;6;6;9.6014;3;3;10.2278;-0.09;0.4;-0.39;-0.59;6;9.7244
06118062321;20;3;3;9.6342;2;3;9.7312;2.11;0.27;-1.0;-1.52;3;9.7312
26614049119;20;7;10;9.8122;6;9;9.9144;-0.2;-0.13;-0.2;-0.39;17;9.7314
26075002918;20;8;6;9.6692;7;6;9.7356;-0.57;0.71;-0.64;-0.3;6;9.7356
06031085318;20;9;2;9.9134;9;2;9.919;0.6;0.03;-0.38;-0.82;7;9.736
26614027818;20;8;12;9.6324;4;11;10.213;0.38;-0.32;-0.96;-0.31;17;9.737
08024012618;20;8;4;8.9024;3;1;10.068;0.15;0.76;-0.87;-0.62;9;9.7406
06069020020;20;5;2;9.8482;1;1;9.9968;-0.5;0.06;-0.45;-0.15;6;9.7456
26075005118;20;9;8;9.7068;9;8;9.746;0.32;-0.26;-0.51;-0.47;8;9.746
26618252120;20;4;10;9.7514;3;5;10.0938;-0.22;0.58;-0.53;-0.46;10;9.7514
06011059720;20;4;3;9.3866;3;1;9.8406;0.48;0.27;-0.43;-0.77;3;9.7576
06069022320;20;3;5;9.6678;3;5;9.7582;0.83;-0.9;-0.95;-0.3;5;9.7582
12622001620;20;3;1;9.762;3;1;9.762;-0.19;0.59;-1.08;-0.22;1;9.762
08144043920;20;3;3;9.638;2;3;9.7718;-0.4;-0.05;-0.27;-0.18;3;9.7718
26614033618;20;8;7;9.8178;8;3;10.4016;-0.14;-0.12;-0.45;-0.22;12;9.7738
06118003721;20;4;1;9.4972;2;1;9.7746;0.41;-0.01;-0.39;-0.6;1;9.7746
26086026620;20;5;2;9.2992;3;3;9.7764;0.11;-0.1;-0.25;-0.45;3;9.7764
26615012821;20;3;4;9.4844;1;9;9.949;0.36;-0.45;-0.75;-0.24;13;9.7786
26615006621;20;2;7;9.6474;1;9;9.8748;0.31;0.18;-0.82;-0.42;16;9.7792
06031080619;20;6;2;9.7912;6;2;9.7936;0.38;-0.34;-0.56;-0.37;3;9.7806
26075004118;20;8;6;9.733;8;6;9.7872;-0.1;0.35;-0.66;-0.3;6;9.7872
06118023420;20;5;1;10.152;1;1;10.3244;0.06;-0.67;-0.25;-0.16;3;9.795
06011030521;20;3;3;9.2132;2;6;9.8026;0.01;-0.18;-0.11;-0.36;6;9.8026
08144065321;20;2;6;9.5162;1;6;9.808;0.3;0.03;-0.28;-0.52;6;9.808
06075022019;20;7;2;9.9788;7;2;10.164;0.13;-0.2;-0.77;-0.12;6;9.8102
26614056120;20;4;5;9.5686;3;13;10.0436;-0.06;0.15;-0.71;-0.14;16;9.823
26615058819;20;5;2;9.7454;2;2;9.9798;-0.17;1.08;-0.42;-0.49;5;9.8506
06118080819;20;7;1;9.2748;1;1;9.8508;0.3;0.26;-0.27;-0.51;1;9.8508
06118095921;20;2;1;9.701;1;1;9.8586;0.33;-0.52;-0.11;-0.28;1;9.8586
10195019021;20;3;5;9.9344;2;1;9.9976;0.23;0.2;-0.71;-0.21;6;9.8712
08024028920;20;2;4;9.6956;2;4;9.8762;-0.62;2.89;-0.89;-0.66;4;9.8762
24321074619;20;6;12;9.8376;5;11;10.0712;0.55;0.04;-0.31;-0.46;25;9.8894
26615044721;20;2;5;9.7552;2;5;9.9004;0.13;0.09;-0.48;-0.14;5;9.9004
06031055320;20;5;2;9.8916;4;2;9.9014;1.87;-1.34;-0.31;-0.66;2;9.9014
06118118818;20;9;5;9.8272;2;2;10.4562;0.48;-0.6;-0.29;-0.15;5;9.904
26618163821;20;2;4;9.914;1;2;10.5486;-0.09;-0.02;-0.27;-0.03;4;9.914
26618326621;20;2;2;9.723;1;2;9.9186;0.21;-0.1;-0.2;-0.19;2;9.9186
06118029819;20;7;2;9.3846;7;2;10.1438;1.1;0.35;-0.47;-0.75;4;9.9204
08024029318;20;9;4;9.9616;3;5;10.6042;1.14;-1.8;-0.08;-0.11;13;9.925
26618195320;20;5;3;9.949;4;3;9.9594;0.23;0.16;-0.34;-0.22;7;9.9272
26086059221;20;2;4;9.928;2;4;9.928;0.1;0.06;-0.19;-0.17;4;9.928
26618326521;20;2;3;9.8192;2;2;9.9738;-0.12;-0.03;-0.09;-0.04;3;9.9334
26615054719;20;6;8;9.8392;2;1;10.1032;-0.25;1.05;-0.42;-0.23;8;9.9358
28389000821;20;4;2;9.9374;4;2;9.9374;1.28;0.22;-0.5;-0.75;2;9.9374
08144065621;20;2;5;9.6382;1;5;9.945;0.64;-0.91;-0.28;-0.03;5;9.945
06379017921;20;2;4;9.612;1;4;9.9464;0.07;-0.02;-0.35;-0.01;4;9.9464
08144105520;20;2;6;9.8742;2;6;10.0922;-0.19;1.22;-0.43;-0.29;9;9.9504
06386003217;20;9;4;8.9636;2;5;9.9538;-0.3;1.92;-0.7;-0.37;5;9.9538
22750030121;20;2;12;9.9152;2;12;9.9576;0.14;-0.16;-0.21;-0.03;12;9.9576
26082015320;20;4;5;9.7912;2;6;9.9608;-0.24;0.43;-0.14;-0.06;6;9.9608
06031078619;20;5;7;9.9076;5;7;9.9642;1.22;1.34;-0.66;-1.01;7;9.9642
06118101221;20;2;1;9.912;2;1;9.9846;0.54;-0.52;-0.18;-0.07;1;9.9846
06011069421;20;2;1;9.987;2;1;9.987;1.03;-0.46;-0.36;-0.29;1;9.987
26269011820;20;3;6;9.8484;2;6;9.9948;0.0;0.29;-0.03;-0.11;6;9.9948
06031051920;20;5;7;9.7824;2;2;10.1518;1.04;0.24;-0.6;-0.43;10;9.9994
28626001420;20;6;1;9.5422;4;4;9.9998;0.26;0.79;-0.07;-0.42;4;9.9998
2521035919;40;5;2;7.3934;5;2;7.5046;0.16;0.39;-4.11;-4.42;2;7.5046
6520017619;40;7;4;8.09;1;3;9.2364;-0.9;1.14;-3.09;-3.7;10;7.8562
18973023220;40;5;1;8.0492;5;1;8.0492;-0.92;-0.92;-2.82;-2.56;1;8.0492
26623001720;40;4;2;8.2102;4;2;8.2102;-0.16;-0.81;-1.8;-3.09;2;8.2102
6520024918;40;7;5;8.1792;1;2;9.043;-0.34;0.13;-2.49;-2.99;8;8.2352
6520042319;40;7;2;8.0288;3;1;8.8424;-1.66;-3.11;-1.86;-1.27;2;8.2358
6517034219;40;6;4;8.3316;6;4;8.3514;-0.05;-0.28;-2.45;-2.74;4;8.3514
26623014120;40;4;2;8.431;4;2;8.431;-1.5;-0.33;-1.01;-2.32;2;8.431
6520007118;40;5;5;8.3762;2;1;9.0676;0.08;0.44;-2.51;-2.84;5;8.445
6520010819;40;4;7;8.4274;4;7;8.5198;-0.15;-0.24;-2.14;-2.43;7;8.5198
26623002320;40;3;2;8.5354;3;2;8.5354;0.24;0.39;-2.13;-2.86;2;8.5354
6520018619;40;6;6;8.49;4;5;8.6742;-0.13;0.56;-1.83;-2.76;12;8.5698
6520053921;40;2;6;8.6118;2;6;8.6562;0.62;-1.36;-1.81;-2.26;6;8.6562
8370015818;40;8;2;8.8482;7;4;9.352;-1.23;1.07;-1.28;-2.3;6;8.6796
8370028320;40;4;3;8.7074;4;3;8.7074;-0.77;1.03;-1.75;-2.28;3;8.7074
8370060020;40;3;3;8.5176;1;6;8.9768;-1.13;0.83;-1.5;-2.04;9;8.7348
6517038119;40;6;5;8.5734;5;4;9.0736;-0.58;-0.58;-2.13;-1.53;9;8.742
6524012721;40;2;1;8.036;1;1;8.7438;0.63;-0.07;-2.11;-2.42;1;8.7438
8371022020;40;3;1;8.687;3;1;8.759;0.73;0.1;-2.24;-2.45;1;8.759
12746006219;40;5;4;8.7266;5;4;8.7666;2.12;-0.55;-4.01;-2.22;4;8.7666
6527033220;40;3;2;8.6778;3;2;8.8028;0.19;-0.44;-1.94;-1.96;2;8.8028
18889075716;40;13;3;9.0178;5;2;9.0564;0.25;-0.37;-1.9;-1.86;6;8.8776
26623006320;40;4;2;8.7158;3;2;8.8926;0.12;1.13;-1.25;-2.6;2;8.8926
6520015020;40;5;5;9.3792;5;5;9.41;-0.88;2.17;-1.79;-2.19;7;8.894
18965000921;40;4;2;8.8772;4;2;8.9062;-0.19;0.57;-1.64;-2.01;2;8.9062
6520040821;40;2;2;8.8708;2;2;8.9354;0.5;-1.58;-1.7;-1.49;2;8.9354
2523002116;40;9;9;8.915;9;9;8.942;-0.65;-0.65;-1.26;-1.36;9;8.942
18479017118;40;7;4;9.0186;7;4;9.041;-1.39;2.53;-1.01;-2.02;4;9.041
6520142621;40;2;3;8.9774;1;1;9.7762;0.57;-0.5;-1.88;-1.59;3;9.0506
6527039821;40;2;3;8.7786;1;2;9.258;0.28;-0.35;-1.84;-1.39;3;9.0962
6524024120;40;3;1;9.0988;3;1;9.0988;-0.06;0.03;-0.87;-1.75;1;9.0988
18958001820;40;5;2;9.0764;4;3;9.4726;-0.47;0.78;-1.23;-1.64;5;9.1018
18965000721;40;4;3;9.0996;4;3;9.1098;-0.26;0.23;-1.91;-1.24;3;9.1098
18951006519;40;7;5;9.058;5;5;9.1536;-0.03;-0.01;-1.9;-1.18;5;9.1536
6520007218;40;9;5;9.1716;2;9;9.529;-0.21;0.88;-1.25;-1.66;11;9.1682
18953065218;40;7;3;9.127;5;2;9.6248;-0.54;-1.83;-0.52;-0.75;3;9.169
2518003520;40;4;6;9.1518;3;5;9.2182;-0.21;0.36;-1.62;-1.3;6;9.1696
18954025120;40;5;3;9.1542;5;3;9.1736;-1.63;-0.23;-0.58;-0.7;3;9.1736
6520040721;40;2;1;9.113;2;1;9.1776;0.11;-0.64;-0.67;-1.49;1;9.1776
6517039019;40;6;6;9.1584;6;6;9.2266;-0.46;-0.51;-1.06;-0.93;6;9.2266
18891012917;40;12;3;9.2412;9;2;9.322;-0.07;-0.88;-1.17;-0.93;3;9.2412
2518047320;40;3;10;9.2566;1;2;9.9028;0.48;-1.7;-1.51;-0.74;10;9.2606
18954031017;40;11;5;9.2764;11;5;9.2764;-1.02;0.69;-1.15;-0.91;5;9.2764
8370013721;40;2;9;9.1314;2;9;9.2774;-0.18;-0.08;-1.02;-1.15;9;9.2774
18965000521;40;4;1;9.2728;4;1;9.2804;-1.08;-0.41;-0.56;-0.7;1;9.2804
18901035819;40;5;2;9.282;5;2;9.2828;0.12;-0.62;-1.19;-1.03;2;9.2828
4238026121;40;2;1;9.262;2;1;9.2894;-0.69;-1.19;-0.64;-0.57;1;9.2894
6519012021;40;2;1;9.2784;2;1;9.298;-1.2;-1.08;-0.92;-0.18;1;9.298
18891010919;40;7;1;9.589;7;1;9.589;-0.32;-0.05;-0.67;-1.17;3;9.3032
18460015215;40;13;6;9.0528;12;6;9.3076;1.56;-1.38;-1.41;-1.41;6;9.3076
2518009720;40;4;1;9.9002;4;1;9.9334;-0.13;0.78;-1.63;-1.11;6;9.334
18891035219;40;6;2;9.2064;4;2;9.3394;0.05;-0.72;-0.6;-1.07;2;9.3394
6520039120;40;5;5;9.431;2;6;9.4694;-0.26;1.19;-0.91;-1.48;11;9.3426
6517018316;40;9;2;9.3152;9;2;9.3554;0.3;-1.07;-0.65;-1.02;2;9.3554
6517019016;40;10;5;8.971;7;5;9.3618;0.43;0.65;-1.71;-1.28;5;9.3618
6527035520;40;4;4;9.2782;3;3;9.57;0.05;-0.07;-0.95;-1.06;4;9.3846
6520024920;40;4;3;9.4718;4;3;9.506;1.01;-0.36;-0.54;-1.66;4;9.3904
6520013120;40;4;8;9.3238;4;8;9.404;-0.25;1.27;-1.05;-1.31;8;9.404
26623013920;40;4;1;9.4064;4;1;9.4064;1.14;-0.92;-0.71;-1.41;1;9.4064
6520022620;40;5;7;9.2044;1;7;10.4726;0.47;-1.62;-0.31;-0.92;10;9.4114
2518009920;40;4;3;9.548;4;3;9.5764;0.58;0.56;-1.77;-1.17;5;9.4188
18953075519;40;5;4;9.3846;4;1;9.6454;-0.97;-0.22;-0.7;-0.42;4;9.4296
6517003317;40;9;2;8.912;2;3;9.4424;0.1;-0.17;-0.42;-1.14;3;9.4424
18965004720;40;4;1;9.4368;4;1;9.4454;-0.59;-1.4;-0.7;-0.15;1;9.4454
6527001020;40;4;2;9.9334;4;2;9.957;-0.31;-0.49;-0.66;-0.66;9;9.4512
18479002520;40;3;3;9.4362;3;3;9.4658;0.85;-0.08;-1.02;-1.29;3;9.4658
6520057320;40;3;6;9.462;3;6;9.4678;0.57;-0.57;-0.83;-1.02;6;9.4678
6517010418;40;6;5;9.4504;2;4;10.6762;-0.11;-0.55;-0.59;-0.74;5;9.4686
18978018320;40;4;2;9.2128;3;2;9.4694;0.67;-1.01;-1.24;-0.73;2;9.4694
8373009620;40;4;2;9.4784;4;2;9.4868;-1.03;0.04;-0.02;-0.64;2;9.4868
8373016721;40;3;4;9.4724;1;3;9.6434;1.09;-1.97;-0.42;-0.91;4;9.4886
18968038418;40;8;2;9.394;8;2;9.4916;0.79;-1.28;-0.64;-0.9;2;9.4916
18901039221;40;2;2;9.2508;1;2;9.5028;0.31;-1.09;-0.9;-0.56;2;9.5028
18953065318;40;9;1;9.7294;9;1;9.8332;-0.45;0.87;-0.56;-1.01;5;9.5062
6520003119;40;8;2;9.754;4;9;9.9342;0.5;-1.21;-0.77;-0.66;10;9.5106
18965026720;40;4;2;9.501;4;2;9.513;-0.6;1.07;-1.06;-0.77;2;9.513
2526014919;40;5;11;9.4538;2;6;10.0488;-0.38;-0.79;-0.61;-0.34;11;9.5298
18479001519;40;7;6;9.401;5;3;10.0636;-0.35;0.87;-0.99;-0.8;6;9.541
18953007521;40;2;2;9.4426;2;2;9.5444;1.31;-1.22;-0.65;-1.09;2;9.5444
2521013518;40;7;3;9.4262;7;3;9.5766;0.64;0.41;-0.63;-1.26;3;9.5766
4238034017;40;9;1;8.9216;4;1;9.5866;0.0;0.0;-0.5;-0.77;1;9.5866
6520035320;40;3;5;9.5518;3;5;9.5882;-0.54;1.45;-0.71;-0.92;5;9.5882
2524006521;40;2;6;9.4134;1;6;9.5886;-0.5;0.35;-0.88;-0.45;6;9.5886
18891003518;40;10;1;9.3314;8;3;9.6084;0.12;1.34;-0.54;-1.28;3;9.6084
6517024418;40;6;8;8.8104;1;2;9.721;-0.23;1.76;-0.74;-1.15;8;9.6102
18965027020;40;4;1;9.6038;4;1;9.6132;-0.89;-0.13;-0.31;-0.23;1;9.6132
18850016114;40;15;3;9.3702;10;5;9.6142;0.0;0.0;-0.23;-0.82;5;9.6142
6527035620;40;3;3;9.2636;2;1;9.719;1.2;-0.61;-0.92;-0.95;3;9.6258
6527057621;40;2;1;9.391;2;1;9.626;-0.39;-0.29;-0.74;-0.24;1;9.626
18978001419;40;5;2;9.5026;5;2;9.6288;0.51;-0.01;-0.12;-1.12;2;9.6288
18968009421;40;3;2;9.581;3;2;9.6342;0.1;0.65;-1.46;-0.55;2;9.6342
8370003219;40;7;7;9.2694;2;7;10.6744;0.0;-0.52;-0.59;-0.39;11;9.6468
6532005721;40;2;2;9.5008;1;2;9.6476;-0.27;-0.38;-0.49;-0.33;2;9.6476
18889071218;40;8;9;9.5924;5;2;9.6604;-0.86;0.53;-0.41;-0.36;9;9.6534
6517003121;40;3;4;9.6142;3;4;9.6656;-0.53;0.16;-0.78;-0.22;4;9.6656
18955034019;40;7;2;9.5086;6;2;9.6738;-0.39;-0.34;-0.5;-0.21;2;9.6738
2526024021;40;2;1;9.6912;2;1;9.6912;-0.61;0.71;-0.53;-0.43;1;9.6912
6517019216;40;9;7;9.4192;8;7;9.6936;1.27;0.71;-1.46;-1.1;7;9.6936
2515033317;40;8;4;9.5506;2;3;9.7906;1.38;-0.49;-0.44;-1.14;4;9.6948
18953037719;40;5;1;9.1158;2;2;9.7066;-0.23;-0.84;-0.32;-0.11;2;9.7066
18953010121;40;3;2;9.425;2;2;9.7104;1.23;-0.28;-0.76;-0.96;2;9.7104
6520004721;40;3;4;9.6766;3;4;9.7132;-0.14;0.66;-0.43;-0.67;4;9.7132
6527021420;40;3;2;9.7072;2;6;9.7198;-0.15;0.87;-0.66;-0.63;6;9.7198
2518019520;40;4;9;9.4936;3;3;9.88;-0.22;-0.34;-0.89;-0.03;9;9.72
18891033817;40;11;4;9.8604;7;6;10.0574;0.0;0.0;-0.59;-0.41;8;9.7216
18953008221;40;3;1;9.5464;2;1;9.7262;-0.38;1.12;-0.54;-0.63;1;9.7262
18953005921;40;2;2;9.4852;1;2;9.7264;0.17;-0.33;-0.24;-0.52;2;9.7264
18965026820;40;4;2;9.7156;4;2;9.7356;1.35;-0.97;-0.61;-0.77;2;9.7356
8370028018;40;7;5;9.4344;6;5;9.7928;-0.57;1.06;-0.71;-0.4;10;9.737
18953005821;40;3;4;9.652;2;3;9.7832;0.75;0.63;-0.65;-0.97;4;9.7564
18965004416;40;12;1;9.577;2;2;9.9882;-0.09;1.43;-0.68;-0.78;4;9.7572
6527035320;40;2;4;9.7576;2;4;9.7576;0.09;0.12;-0.5;-0.46;4;9.7576
6527038821;40;3;4;9.6824;3;4;9.763;-0.45;1.32;-0.98;-0.39;4;9.763
18479015219;40;3;2;9.7738;3;2;9.7738;0.64;2.4;-0.58;-1.57;2;9.7738
18444005116;40;12;8;9.563;3;3;10.5334;0.18;-0.97;-0.28;-0.15;13;9.7746
6537009721;40;2;3;9.7794;2;3;9.7794;-0.26;0.92;-0.04;-0.71;3;9.7794
18955011821;40;3;4;9.6024;2;4;9.7948;-0.97;2.19;-0.3;-0.64;4;9.7948
4238021718;40;7;6;9.6922;7;6;9.801;-0.68;0.65;-0.1;-0.29;6;9.801
6517036519;40;4;6;9.7762;4;6;9.8072;-0.09;0.88;-0.8;-0.4;6;9.8072
2521028120;40;2;3;9.681;2;3;9.8094;-0.3;1.13;-0.94;-0.31;3;9.8094
22757009321;40;2;5;9.8026;2;3;9.9326;-0.2;0.7;-0.25;-0.49;5;9.8132
18953007321;40;2;2;9.609;1;2;9.8136;-0.24;0.71;-0.53;-0.35;2;9.8136
18889071020;40;3;2;9.7682;2;1;9.9132;1.2;-0.19;-0.28;-0.93;2;9.8166
8370028920;40;5;2;9.3182;2;4;9.836;0.29;0.04;-0.4;-0.4;4;9.836
18968002420;40;6;6;9.6474;6;6;9.8362;-0.22;0.09;-0.58;-0.05;6;9.8362
6517034919;40;6;8;9.7062;6;8;9.8378;-0.08;-0.26;-0.26;-0.13;8;9.8378
6520033820;40;2;4;9.8118;1;2;9.855;-0.34;1.22;-0.33;-0.5;4;9.8442
18444002316;40;10;10;9.71;8;7;10.2366;-0.52;0.78;-0.22;-0.18;10;9.8848
6527003420;40;3;5;9.7784;3;5;9.8876;0.15;-0.32;-0.33;-0.09;5;9.8876
18973011921;40;2;1;9.8896;2;1;9.8896;0.98;-0.09;-1.07;-0.33;1;9.8896
6527034020;40;4;2;9.892;4;2;9.892;-0.47;0.63;-0.09;-0.19;2;9.892
6520013821;40;3;5;9.53;1;3;9.9282;-0.57;1.67;-0.29;-0.43;5;9.8976
18953038719;40;6;4;9.3142;3;4;9.9098;0.29;0.94;-0.3;-0.61;4;9.9098
18951025718;40;8;2;9.6078;5;6;9.9126;0.79;0.5;-0.42;-0.67;6;9.9126
18978021420;40;4;2;9.8144;4;2;9.914;2.05;-0.92;-0.34;-0.88;2;9.914
18460004320;40;3;6;9.436;1;9;9.9188;1.05;-0.41;-0.6;-0.38;9;9.9188
6520029318;40;6;5;9.8488;6;5;9.9564;0.06;0.02;-0.13;-0.09;5;9.9564
4238027020;40;4;4;9.834;4;4;9.98;2.05;0.07;-0.97;-0.83;4;9.98
6493055118;70;10;1;9.3356;9;1;9.6139;-0.61;-0.17;-0.37;-0.38;1;9.6139
6493055918;70;8;3;9.5506;8;3;9.7204;0.3;-1.05;-0.12;-0.03;3;9.7204
6493030621;70;2;1;9.6273;2;1;9.7361;0.03;-0.34;-0.49;-0.53;1;9.7361
24288023519;80;5;2;8.2219;5;2;8.3434;-0.72;-1.2;-3.1;-3.36;2;8.3434
24288052619;80;4;2;8.7334;4;2;8.7824;-0.16;-0.84;-3.27;-2.73;2;8.7824
